Workbook

Sheet Tabelle1
A3: Technisches Datenblatt
A4: Data sheet
K5: Erstellt durch: | L5: BOT
A6: Bezeichnung: Designation: | B6: Motor: Motor: | C6: KSY 268.40 HD R4 / 400.0 | E6: HD | K6: Datum: | L6: =TODAY() -> 46050
A8: Kennlinie Getriebemotor: Characteristic Curve of Gear Motor: | K8: Bemessungsspannung, UN (V) | L8: 400
K9: Bemessungsdrehzahl, nN (minˉ¹) | L9: 4000
K10: Bemessungsdrehmoment, MN (Nm) | L10: 1.8
K11: Stillstandsmoment M0 (Nm) | L11: 2.6
K12: Spitzenmoment, Mmax (Nm) | L12: 9.2
K13: Bemessungsstrom, IN (A) | L13: 1.8
K14: Stillstandsstrom I0 (A) | L14: 2.5
K15: Spitzenstrom, Imax (A) | L15: 10
K16: Spannungskonstante, Ke (V/1000 minˉ¹) | L16: 67.6
K17: Ständerwiederstand, RU-V (Ω) | L17: 6.7
K18: Ständerinduktivität, LU-V (mH) | L18: 13.2
K19: Polzahl | L19: 6
K20: Max. Zulässige Spannung(V) | L20: 679
... K23: Thermische Konstante TTherm (min) | L23: 41
K24: Schutzart | L24: IP69K
K25: Betriebsart | L25: S1
K26: Isolationsklasse | L26: F
A29: Technische Daten:
A30: Bemessungsspannung, UN (V) Rated voltage | B30: =L8 -> 400
A31: Bemessungsdrehzahl, nN (minˉ¹) Rated speed | B31: =L9 -> 4000 | C31: Polzahl Number of poles | D31: 6
A32: Bemessungsleistung, PN (kW) Rated power | B32: =(B31*B33*PI()/30)/1000 -> 0.75398224 | C32: Ständerwiderstand, RU-V (Ω)* Stator resistance | D32: =L17 -> 6.7
A33: Bemessungsdrehmoment, MN (Nm) Rated torque | B33: =L10 -> 1.8 | C33: Ständerinduktivität, LU-V (mH) Stator inductance | D33: =L18 -> 13.2
A34: Bemessungsstrom, IN (A) Rated current | B34: =L13 -> 1.8 | C34: Elektr. Zeitkonstante, Tel (ms) Electrical time constant | D34: =D33/D32 -> 1.9701493
A36: Bemessungsdrehmomentkonstante, KTN (Nm/Aeff) Rated torque constant | B36: =B33/B34 -> 1
A37: Spannungskonstante, Ke (V/1000 minˉ¹) Voltage constant | B37: =L16 -> 67.6 | C37: Max. Zulässige Spannung(V) Max. possible voltage | D37: =L20 -> 679
A39: Stillstandsmoment, MO (Nm) ** Stall torque | B39: =L11 -> 2.6 | C39: Schutzart Degree of protection | D39: =L24 -> IP69K
A40: Stillstandsstrom, IO (A) ** Stall current | B40: =L14 -> 2.5 | C40: Betriebsart Duty type | D40: =L25 -> S1
A41: Stillstandsdrehmomentkonstante, KTO (Nm/A) Stall torque constant | B41: =B33/B34 -> 1 | C41: Isolationsklasse Insulation class | D41: =L26 -> F
A43: Spitzenmoment, Mmax (Nm) *** Peak torque | B43: =L12 -> 9.2 | C43: Rotorträgheitsmoment, JR (kg∙cm²) Rotor moment of intertia | D43: =L21 -> 0.95
A44: Spitzenstrom, Imax (A) *** Peak current | B44: 31.1 | C44: Gewicht, m (kg) Weight | D44: =L22 -> 7.2
A45: Spitzendrehmomentkonstante, KT max (Nm/Aeff) Peak torque constant | B45: =B43/B44 -> 0.29581994 | C45: Thermische Konstante TTherm (min)**** Thermal time constant | D45: =L23 -> 41
A47: Motor: Derating durch Getriebe und ggf. Geber und/oder Bremse berücksichtigt Motor: Derating due to gearbox and, if applicable, encoder and/or brake taken into account
A49: * Werte bei 20°C
A50: ** Werte bei 200 minˉ¹
A51: *** Kurzzeitbetrieb max. 3 Sekunden | C51: =L5 -> BOT | D51: =L6 -> 46050
A52: **** geschätzter Wert

Sheet Tabelle2
B3: Diagrammdaten:
B5: Drehzahl: | C5: M_max bei 0,85*U_n M_max at 0.85*U_n | D5: M_n S1-Betrieb (Erwärmung Wicklung: Δ100K / Gehäuse: Δ80K) M_n S1-Duty (Temp.rise winding: Δ100K / housing: Δ80K)
B6: 0 | C6: =Tabelle1!B43 -> 9.2 | D6: =Tabelle1!B39 -> 2.6
B7: =Tabelle1!B31 -> 4000 | D7: =Tabelle1!B33 -> 1.8
B8: =(((-1*(-2*C16*0.85*C17))-SQRT(((-2*C16*0.85*C17)^2)-4*(C17^2-C20^2*C19^2*4*(PI())^2*(C21^2/60^2))*((C16*0.85)^2-C20^2*C18^2)))/(2*(C17^2-C20^2*C19^2*4*(PI())^2*(C21^2/60^2)))) -> 770.34913 | C8: =C6 -> 9.2
B9: =((Tabelle1!B39-(Tabelle1!B43-((Tabelle1!B43*B8)/(B8-B10))))/((Tabelle1!B43/(B8-B10))-((Tabelle1!B33-Tabelle1!B39)/Tabelle1!B31))) -> 5024.8417 | C9: =((C6/(Tabelle2!B8-Tabelle2!B10))*Tabelle2!B9+(C6-((C6*Tabelle2!B8)/(Tabelle2!B8-Tabelle2!B10)))) -> 1.5950317 | D9: =(((Tabelle1!B33-Tabelle1!B39)/Tabelle1!B31)*Tabelle2!B9+Tabelle1!B39) -> 1.5950317
B10: =C16/(C17*1000)*1000 -> 5917.1598 | C10: 0
B13: Berechnungsdaten: | E13: Phaseninduktivität | F13: =C19/2 -> 0.0066 | G13: H
E14: Phasenwiderstand | F14: =C18/2 -> 3.35 | G14: Ω
E15: Faktor | F15: 0.85
B16: U (V) RMS | C16: =Tabelle1!B30 -> 400 | E16: K_e | F16: =Tabelle1!B37*60/2/PI()/1000/1000 -> 0.00064553245 | G16: Vs | H16: Flussverkettung | I16: =(C17*SQRT(2/3))/(2*PI()/60) -> 0.52707504 | J16: Vs/rad
B17: Ke (V/minˉ¹) | C17: =Tabelle1!B37/1000 -> 0.0676 | E17: Bemessungs-Leiterspannung U_ph,max | F17: =C16/SQRT((3)) -> 230.94011 | G17: V
B18: RU-V (Ω) | C18: =Tabelle1!D32 -> 6.7 | E18: omega_eck | F18: =SQRT(F17^2-(C18*C20)^2)/(F16+C19*C20) -> 242.17857 | G18: 1/s | I18: =SQRT(F17^2-(F14*C20)^2)/((F13*C20)+I16) -> 281.4339 | J18: 1/s
B19: LU-V (H) | C19: =Tabelle1!D33/1000 -> 0.0132 | E19: n_eck | F19: =60*F18/2/PI()/C21 -> 385.43917 | G19: 1/min | I19: =60*I18/2/PI()/C21 -> 447.91596 | J19: 1/min
B20: Imax (A) | C20: =Tabelle1!B44 -> 31.1 | E20: M_eck | F20: =3*F17*C20/F18 -> 88.970349 | G20: Nm | I20: =3/2*C21*I16*C20 -> 147.5283 | J20: Nm
B21: p | C21: =Tabelle1!L19 -> 6 | E21: P_eck | F21: =F20*F18 -> 21546.712 | G21: W | I21: =I20*I18 -> 41519.465 | J21: W

Sheet Tabelle3
B5: 0.05714 | C5: 0.02408
B6: =B5*B5 -> 0.0032649796 | C6: =C5*C5 -> 0.0005798464 | D6: =SQRT(B6+C6)*1000 -> 62.006661
